url,full_text,links,images,structured_content
https://nbank.nabilbank.com/,"Pay
Quick Tools
Locate Us
Digital Services
Get in Touch
Hi! Welcome to your Neo Banking Experience
Please enter your mobile number
ðŸ‡³ðŸ‡µ
+977
Continue
Login with QR code
nRemit: Send money to Nepal
Open an Online Account
Pay
Quick Tools
Locate Us
Digital Services
Get in Touch
Hi! Welcome to your Neo Banking Experience
Please enter your mobile number
ðŸ‡³ðŸ‡µ
+977
Continue
Login with QR code
nRemit: Send money to Nepal
Open an Online Account
Pay
Quick Tools
Locate Us
Digital Services
Get in Touch
Hi! Welcome to your Neo Banking Experience
Please enter your mobile number
ðŸ‡³ðŸ‡µ
+977
Continue
Login with QR code
nRemit: Send money to Nepal
Open an Online Account
Pay
Quick Tools
Locate Us
Digital Services
Get in Touch
Pay
Quick Tools
Locate Us
Digital Services
Get in Touch
Pay
Quick Tools
Locate Us
Digital Services
Get in Touch
Pay
Quick Tools
Locate Us
Digital Services
Get in Touch
Pay
Pay
Pay
Quick Tools
Quick Tools
Quick Tools
Locate Us
Locate Us
Locate Us
Digital Services
Digital Services
Get in Touch
Get in Touch
Get in Touch
Hi! Welcome to your Neo Banking Experience
Please enter your mobile number
ðŸ‡³ðŸ‡µ
+977
Continue
Login with QR code
nRemit: Send money to Nepal
Open an Online Account
Hi! Welcome to your Neo Banking Experience
Please enter your mobile number
ðŸ‡³ðŸ‡µ
+977
Continue
Login with QR code
nRemit: Send money to Nepal
Open an Online Account
Hi! Welcome to your Neo Banking Experience
Neo Banking
Please enter your mobile number
ðŸ‡³ðŸ‡µ
+977
Continue
Login with QR code
Please enter your mobile number
ðŸ‡³ðŸ‡µ
+977
Continue
Login with QR code
Please enter your mobile number
ðŸ‡³ðŸ‡µ
+977
Continue
Login with QR code
Please enter your mobile number
ðŸ‡³ðŸ‡µ
+977
Continue
Login with QR code
Please enter your mobile number
ðŸ‡³ðŸ‡µ
+977
Continue
Login with QR code
Please enter your mobile number
ðŸ‡³ðŸ‡µ
+977
Continue
Login with QR code
Please enter your mobile number
ðŸ‡³ðŸ‡µ
+977
Continue
Login with QR code
Please enter your mobile number
ðŸ‡³ðŸ‡µ
+977
Continue
Login with QR code
Please enter your mobile number
ðŸ‡³ðŸ‡µ
+977
Continue
Login with QR code
Please enter your mobile number
ðŸ‡³ðŸ‡µ
+977
ðŸ‡³ðŸ‡µ
+977
ðŸ‡³ðŸ‡µ
+977
Continue
Login with QR code
Continue
Login with QR code
nRemit: Send money to Nepal
Open an Online Account
nRemit: Send money to Nepal
Open an Online Account","['https://nbank.nabilbank.com/', 'https://nbank.nabilbank.com/', 'https://nbank.nabilbank.com/', 'https://nbankhome.nabilbank.com/?source=mobile', 'https://nbank.nabilbank.com/', 'https://nbank.nabilbank.com/#', 'https://nbankhome.nabilbank.com/nremit-intro/?source=mobile', 'https://online.nabilbank.com/Setting/ProductSetup', 'https://www.facebook.com/nbanknepal', 'https://www.instagram.com/nbank_nepal/', 'https://twitter.com/nbank_nepal', 'https://www.linkedin.com/company/nbanknepal/', 'https://invite.viber.com/?g2=AQAqHfKdUscvnUut2Oz%2FWjsv92KWxlrU889XD9OeURRMu39m7P0rTE44dDGIUkBd', 'https://www.youtube.com/@nbanknepal', 'https://www.tiktok.com/@nbank_nepal']","['https://nbank.nabilbank.com/smartstatic/icons/menus/web-icon/login-page-icons/pay-login-menu@2x.png', 'https://nbank.nabilbank.com/smartstatic/icons/menus/web-icon/login-page-icons/tools-login-menu@2x.png', 'https://nbank.nabilbank.com/smartstatic/icons/menus/web-icon/login-page-icons/locate-us-login-menu@2x.png', 'https://nbank.nabilbank.com/smartstatic/icons/menus/web-icon/login-page-icons/digital-services-login-menu@2x.png', 'https://nbank.nabilbank.com/smartstatic/icons/menus/web-icon/login-page-icons/contact-login-menu@2x.png', 'https://nbank.nabilbank.com/assets/brand/nBank-by-Nabil.png', 'data:image/png;base64,iVBORw0KGgoAAAANSUhEUgAAAIoAAACKCAYAAAB1h9JkAAAAAXNSR0IArs4c6QAACdxJREFUeF7tnd123DgMg5P3f+jscdvdkRWL0EfSM5MuelnLMgVC4I/lyefHx8fXx5P+fX09HvX5+Rk+dRw7D5zvJWPnue66txPSaL0Kxy47Dm+ZKAs0lRMiknU56JjHRAnQJDudjLWi5ChsRRnCoQpxhGQ5d1zf9ZaK0imnJJcgTlI2RiFjvpc4gdxL1lMhYAVjReZx7m+KopygJh+vVxZBnE2cQpyt7FfXIywiHIkPiA3Ed3NuZKJM1VdUmRGSEfJaUQInKHZbURRCv6+/jaKoEnFcTueOi+ZS0kxs7tzN2XBScba6l2ARYS5DT9eDDhBJGWui9ChKl/9MlMkfSq3uSFCVKkSUUfeaKAF6BByHngcCbxl6KjuB7Po9Ac+NUmsgSnBXfkM2jYmS44G8y0QZIOpi5JzMKpAr5bH0cNMAtQYrygIBUh4TAtI8Ypxb2RTNXSGC4iLZCJEdykaC848IPQrYqF8z32uiPBAxUTarHitKfEBst2H6sj4KYbpDz9nZlfdRpLoafSSJQkJCFAJoMqvmytqlFKZyXDMb8lS5X8lRsjgd95koQVVnolznN1YUcMxAhUArSlK/OiWzktPsJmwqPJooSSLQ2ypJWPZekpPMcflZ99JeCAmP1Eer8W9zuJo4hQBL5jVR1rQyUaZT+CTPIGdmKmGY3NulIN+qznf5AIzsfCvK/heXXcT5/FJFfNeTpnlockpOx0XJa2U5ymaSRxE71MYgc2XHmigAORMFgNU1VIGuStHxOnkTW7Ff2fxXK8qco5BIpCRRAUucRuyK5lU27xJQ2a7s7UqalR3RdWJjqTOrQDdRgnJz6AiTRH4u4U2UCQHF/l3AFLmtKA8E2l4KKtCtKH+Roszl8Z3O7ZqbSvWu2ihZV6oW5R3fGlhB6InGqrUQbNRGP6mriXKGvlJBmSiKxovrit3Jab99mkp2hnqmiXKN0LeGW1d4OB5nouRylB8ReipGqt2qYvxuxVEhoLqXNM3IplLPzfY7lA3kueFrEvWuRxmiyDFeN1GuS0+FYfY9F1V1E2XwhNphVpTNHMWhZ/0KX5GMhA+i1G+hKPQ8CtlxSlLvuk6c0GkDcSgZO9tIfBBVhAQnfMKNGNnpBDIXAYDMq8YS55OxJopCPnndRFknzdFGj+DGb49JQ6oie107TnGt0qwjWES5n8p9OrHIdo9NlDf4iVMTpfErvN1m3FXvIJRUE2UJT+mYAZFbh541RaMQQMKhyscitVIN0JAoUYZdjfdqUWr+1fW7YrjCgqyny2FKMYlNan0nFVd9FMW6KCSo2JslBlog/EtjFcXMNtwUxp0KQ2w0UQYECJnJWEXmbPVhRSnIi0PPum9CYL3tpWCnZEZ9BrLY6li1JlJ9jWMrapQNF8d9JGcxUQB7TJRrsOQnpSS5U6pwlxMAD+TQu2z86xVFIjsMUNl5RQZJ3yGSfEVmIvNqvbvYdc1z9TzSyyqFnt3FXsXDyi4ifYdO1TNRkqHHRHkgoIhPwlaUFGfnsaJM2btymEPPulyOjhmEoafyawZKbbpyEvUcEqbUXNlcaJ73TlXoCo8qNyq9FFRAv6LPYKLkwqOJAr7rjaogEuKsKERCprEOPQXwgrbDS0KP+gCMLJVIGd2B5CVaZLMib5TsEZs7sVBzkfWS92InLEyUM8wmynW+I1v4VpQ1AtndecxImoRWlMEHqpx06FlXNk8JPZ19FBX/K0kYUTay0zvzDtIauCvEKZzUhlzdjz/XIOxVRo/XK6VoxdmVe7sIqTZY5TlkfaFvrSjrZHYGjuQKxPlkrLJJbc42RVEPItdJx1SBVXluVgUVqF0JKSGgIopS5rZ3PcQhaqyJ8kCo61yIiSI+q1CkjPIdK8p1xUSUDP/sRcVhXW9mlQ0qZOxWJ2qe/3XoUeBkd6dyLsnOVT5zV+nZGf/v6gsp/2XJ/TblsYlCt9Lv8SR8XI2PQvZt51HUTidQVHoHVpQ10laUARsT5QlEqex6JYMkLmeZr0JYRfXuiv903oraZv1bqnpIcjfHRwrObiw1UQ6X9vw7KbP62YvokSbKGZ2sCtJNY0UZcM+CbkW5SVHU3+vpZG/XXErJiArOYytNQfIehTxHKQ7pbWXnkn+Gpcu5x2K65jJR9nMQVWDszmSiTEiRnR6FOeUg8pysCmQacivivKzqUblEFBLULiDK1emEqDJTNo/XCcnIvLOqq+ecbHpV1WOirF2sHNjVC1LPMVEGBKwoDzBCJbaiPP4+D5VxUsKTudVO//GKovIK8g6GhqZdRygnkFxBrXe3TFc2dRGjYm9rMqsMMVGuZd5EKfzRBCvKAwErym68EM06MA066KN2ulJQh55Nz0QdVNVdVdfv6lnsOldBoEhGVIJgoezK9phKOQo1qtKNfFaFYaIs8qhKeWyiPKdp9haKQn8fhUgm2Z1qXlIxZd/iHvY+qwFXUVdSwitcd0M4/n0U8mAT5VrGj/81UVQ8+nOdyqkV5RrYO5Pmk3I59JxPhDn0LAhJiRIJhmJ3FFuVEGUdSEMlUS7SFOzEhuRgxF/hWBPlDI+JYkVRovXruoliopgoEwIkLJc6s5XKZfaaiuFRObnFgD+D1HMqc5F7SSudzKvGZvMbE+XrnoNLxGFq06i5yHUTZRMtK8pjYxAsrChWlP+2WBgOO8vjzU39a5hic3RdJWFZeb2ya1yTysmyz1XrIf0aEsbQekyUM7TkOAMhc2fySpqPbesxUUyUfxEIiX/neZRIMlXo6Qpj6jnqemQHCRnktJ8KHyTEVdY32lFKZokzj7FkgWTuSgioAGmiEC+BsSbKAyzSQHzVRrCiDAhYUfZ2euvvzJLYumfe3g7s3HFROUzWRwhIQtgcwhWOFWxCRSGlV8VIdW/kFFT/Bx+h0b6JiTIgYKI8wFBYtO1W+AcjlF0nJQBfa4a9ns4/7ER2nBXlOqzu4PKWRCHxszMkVPoXBMiuEDeHMYVFJRfaIdNqDDmYdRqrFMVEWe980kQjrXSlzCbKJgKKvFaUNZBWlKaEPGqEqZKX3OvQMyCggCV5SPbtq8oVyLyVuUg4IYpYUVfln/G6bLgpQ6KdoQwxUa4RMFHAaTJCMpIoVua1ogTx/VmKohxIXqJ1KdVmbn05rBO3+QHZhFSFv1LDrXPBXfkAkeYKOCbK0Bp4VR+FOtCK8kDMirIZAq0o608uojBFN+c4XlY9nfJLQk9lwZUeBTlcpfKqE9BNL+eOOSvpQGRTmAup0GOiXEv+lcPIRiCEVEoQ+YjYZKIESFaOClhRKjIy3FsB0qFn7YS3CD1NHLmcpitbv0uKq2vPNv5oI+9ZRAmT2SpYu/FSLZZUNmouktxW1m+iVNBblLzKuSbKfhK9uzkrSvwPxj7j+MgJVDQAAAAASUVORK5CYII=', 'https://nbank.nabilbank.com/smartstatic/icons/menus/web-icon/nBank-circle@2x.png', 'https://nbank.nabilbank.com/smartstatic/icons/menus/web-icon/services/own-account@2x.png', 'https://nbank.nabilbank.com/smartstatic/icons/menus/socials/facebook-colour.png', 'https://nbank.nabilbank.com/smartstatic/icons/menus/socials/instagram-colour.png', 'https://nbank.nabilbank.com/smartstatic/icons/menus/socials/twitter-colour.png', 'https://nbank.nabilbank.com/smartstatic/icons/menus/socials/linkedin-colour.png', 'https://nbank.nabilbank.com/smartstatic/icons/menus/socials/viber-colour.png', 'https://nbank.nabilbank.com/smartstatic/icons/menus/socials/youtube-colour.png', 'https://nbank.nabilbank.com/smartstatic/icons/menus/socials/tiktok-colour.png']",[]
url,full_text,links,images,structured_content
https://nbank.nabilbank.com/,"Pay
Quick Tools
Locate Us
Digital Services
Get in Touch
Hi! Welcome to your Neo Banking Experience
Please enter your mobile number
ðŸ‡³ðŸ‡µ
+977
Continue
Login with QR code
nRemit: Send money to Nepal
Open an Online Account
Pay
Quick Tools
Locate Us
Digital Services
Get in Touch
Hi! Welcome to your Neo Banking Experience
Please enter your mobile number
ðŸ‡³ðŸ‡µ
+977
Continue
Login with QR code
nRemit: Send money to Nepal
Open an Online Account
Pay
Quick Tools
Locate Us
Digital Services
Get in Touch
Hi! Welcome to your Neo Banking Experience
Please enter your mobile number
ðŸ‡³ðŸ‡µ
+977
Continue
Login with QR code
nRemit: Send money to Nepal
Open an Online Account
Pay
Quick Tools
Locate Us
Digital Services
Get in Touch
Pay
Quick Tools
Locate Us
Digital Services
Get in Touch
Pay
Quick Tools
Locate Us
Digital Services
Get in Touch
Pay
Quick Tools
Locate Us
Digital Services
Get in Touch
Pay
Pay
Pay
Quick Tools
Quick Tools
Quick Tools
Locate Us
Locate Us
Locate Us
Digital Services
Digital Services
Get in Touch
Get in Touch
Get in Touch
Hi! Welcome to your Neo Banking Experience
Please enter your mobile number
ðŸ‡³ðŸ‡µ
+977
Continue
Login with QR code
nRemit: Send money to Nepal
Open an Online Account
Hi! Welcome to your Neo Banking Experience
Please enter your mobile number
ðŸ‡³ðŸ‡µ
+977
Continue
Login with QR code
nRemit: Send money to Nepal
Open an Online Account
Hi! Welcome to your Neo Banking Experience
Neo Banking
Please enter your mobile number
ðŸ‡³ðŸ‡µ
+977
Continue
Login with QR code
Please enter your mobile number
ðŸ‡³ðŸ‡µ
+977
Continue
Login with QR code
Please enter your mobile number
ðŸ‡³ðŸ‡µ
+977
Continue
Login with QR code
Please enter your mobile number
ðŸ‡³ðŸ‡µ
+977
Continue
Login with QR code
Please enter your mobile number
ðŸ‡³ðŸ‡µ
+977
Continue
Login with QR code
Please enter your mobile number
ðŸ‡³ðŸ‡µ
+977
Continue
Login with QR code
Please enter your mobile number
ðŸ‡³ðŸ‡µ
+977
Continue
Login with QR code
Please enter your mobile number
ðŸ‡³ðŸ‡µ
+977
Continue
Login with QR code
Please enter your mobile number
ðŸ‡³ðŸ‡µ
+977
Continue
Login with QR code
Please enter your mobile number
ðŸ‡³ðŸ‡µ
+977
ðŸ‡³ðŸ‡µ
+977
ðŸ‡³ðŸ‡µ
+977
Continue
Login with QR code
Continue
Login with QR code
nRemit: Send money to Nepal
Open an Online Account
nRemit: Send money to Nepal
Open an Online Account","['https://nbank.nabilbank.com/', 'https://nbank.nabilbank.com/', 'https://nbank.nabilbank.com/', 'https://nbankhome.nabilbank.com/?source=mobile', 'https://nbank.nabilbank.com/', 'https://nbank.nabilbank.com/#', 'https://nbankhome.nabilbank.com/nremit-intro/?source=mobile', 'https://online.nabilbank.com/Setting/ProductSetup', 'https://www.facebook.com/nbanknepal', 'https://www.instagram.com/nbank_nepal/', 'https://twitter.com/nbank_nepal', 'https://www.linkedin.com/company/nbanknepal/', 'https://invite.viber.com/?g2=AQAqHfKdUscvnUut2Oz%2FWjsv92KWxlrU889XD9OeURRMu39m7P0rTE44dDGIUkBd', 'https://www.youtube.com/@nbanknepal', 'https://www.tiktok.com/@nbank_nepal']","['https://nbank.nabilbank.com/smartstatic/icons/menus/web-icon/login-page-icons/pay-login-menu@2x.png', 'https://nbank.nabilbank.com/smartstatic/icons/menus/web-icon/login-page-icons/tools-login-menu@2x.png', 'https://nbank.nabilbank.com/smartstatic/icons/menus/web-icon/login-page-icons/locate-us-login-menu@2x.png', 'https://nbank.nabilbank.com/smartstatic/icons/menus/web-icon/login-page-icons/digital-services-login-menu@2x.png', 'https://nbank.nabilbank.com/smartstatic/icons/menus/web-icon/login-page-icons/contact-login-menu@2x.png', 'https://nbank.nabilbank.com/assets/brand/nBank-by-Nabil.png', 'data:image/png;base64,iVBORw0KGgoAAAANSUhEUgAAAIoAAACKCAYAAAB1h9JkAAAAAXNSR0IArs4c6QAACbJJREFUeF7tndt23DoMQ5P//+ieNW3PsqzIBLdIz0xS5FWyRYEQeLE9+fz4+Pj18aS/X7+OpT4/P0+rjmN3mjOvO68V2Vixi+yPYKP2U7F5vPbhLRNlQMREWVPLRJlwMVFMlN8IKKk2UZJEIbFUxb8o1qo4rMajtcdr1X7ewcYoT1qR+1m53ojNl9CjgFXkOCVAQcKqiKDGTZQ/CFRwUr40UQaErCjXdDFRTBQlJl/USoYelfyNK85hi5xWGqdTO33U/kPvJiPV0X7VvQgWWftX80iO0uU/E0UQadf5hFSUNCbKReMrU9Zega0cpsZNlL9J89yZJcDRcEF6FBU7iHPJOnfNtaKA5zkklhKCqnK/kpNE9yb7UTZmWwGPeYTMBMeX5SizkQRYskHlBBPlQDMimYkyqV4lbI3XEuIrMv/TiqI6imp81ylKjUi+QMr/rjA1hxeFU4WwqOHWtVB1g51AR6phohwImChBGW6imChLDtyVH6iQUAmdb9lwIydMVTLEKST+V2wkNpF1VMgmzq4ks8TmyH+y6ulaaFXj7wKgnEBsNlGu0UI5CgHdirKO7ysMrSgDKiROE5JZUa4J2amQoaJUFERdS04RyVGijqJqab/DtepAESyUD3bH3/YtfALOOzj74YDRZkJQE2WirxXlAOQuLHYVQ11nRQleXCKq8OMV5Vdn9qNoWRgnT3krzazIxApUxH4Vigowbl/6aaLksTNR8li9bCY5kVaUfjfhzmxnD2PcTuW07nZ4FZwqBKjxXcIqLKLq6q5+lIkSsEURQY2bKOooboyrU7Rxy9+XEGeS00jvTZRYYWFF2WVDQRUqYYuQ8NsTZa56OjcUnVDao4hk/Fmd2Rt4vFS9eR2FFbFLqdXVvb6UxybK8ZNhu6ASx61CmIkyvPGuTgl5R9aKkqfmLvmtKKCFn3cHm6lUXB0qsto2USqflNINkAdhZPPkSTO5L50b7S+6l8KROFeRbrRD3Re94UY6ospIE2VNFxNlwsVEMVFwmUd6ECoEOPQcCClV3w49qo+iZJEs3NXcIrGV2P+wj+QZlcqsgoU6OFHPiVx7wsJEOUNnohx4mCjBsTJRLohCy2Mit1GHUeUolbyjy9lEpue5ZH80PBK7Kv46hTAT5Z7/GWGiTJ1MkjiR8tiKQnTjeq4V5Ql5RsVVP15RorxCAUfAUeuQfgDJhSrrVnIJ8uCS5jtE1SMfhuqj/rGT6llERhJgyVxF2Eoy2/nIIuoxdb2lpkilsIpsDJNZdeKiha0o+VzBRBmwIipB5qpTYkVRCK3HUeghDlNhici4ktCu7F0pJrG5MpeQuZKD7VHm61Xycw0ChnJ2Nh4+5qkwdlcCR/ZbmWuiDB4kQCqSWVEOhCok21WY0quQalFSElYUpDNcEqUi61bCB1mnkg6EhYp6eqzIEI2bKLkqSPWMTJQgTJFQ0wmkFWVNboeeQBI7T/q3Dz13dmZVKbob1p6Vz+zat7pO5Q67SqbI3LUH+dNcd22wsgET5Xg1wkQBIeGufKZC5oqaKue/pDx26Dm+Ne4kxo8jivoNt64XiCoNNeVAEorUvSrjlQYjWTd6oEiwQHNNFOKieK6JMuBD4mMldyDuIyeD3JfONVFMlBRn/imiqIx7RIx0RB/XVUrtSMkqjwpSDPg7qWJ/tM6dOJL9RXlkqTN75wZJEm2iVOhwfe3oAxMFYGxFAWBVpr4ihit7X5VwRyFc2Vwpj8m1ox1P/S18E2VNAaJUjzsQZ3eFZRMFfPlIHXo6kcMPHc50ofc1UZTmJscrlVvkXOrQH0UU+pF60ldymgKdVD2k9JSGDRMU4UjVR+YqG3dbBZUWRektfLWhigNNlGv0TJTgNJNHB5WKIhsuVqeTJOtKrbKHTD2+UOPROqc+ikNPruG0mkXCCZmrlPrbKYravMpDFCBXp1vdN6oK5jWJCuzaq9RH7YesW9lfGO4rimKi5NWI9DMqxDBRgn+4EIGjTqsV5UDPihIcURNlkyhK9roSKZWN31UVzPtTipOtChRuZN2uvSubiA/k5xrRBslCc0JHr1WbviqJFegmyoFclEeZKMGzHkVORcJsL4QkoMomQnxyWHFnloSeTgCuFGMFHHFgZzVSeVinCJAdJ3tX4bDUcDNRciXxM1sHo0UmyoCGklcClhVlM0chJ0HFOIeeXOmZDSuZeeSQoNDT+QFYhWTE6Dvn7j58nKs65dSufEYRo6KYpxzFRDl/e2yirFVQvgpJ3guxouT/U4cVZdBcQrI7w0lUWldsVDZH4efbEaXy9JgCpeIpcSjpq2QdpvIKVW1FZSrJFRROkR2d157CsImS/30UEyXoUSiGkpNdudeznvJGqmKiBOioBJWEi0pFsevAzl6PIkqUd6iwtttdJf4hNnzpgdGf5iInuzNRNFHWCJgogP4kuSOqUEnW1Tp3JdgkvAOIP+RrBoSxaq5DT841xNkK89yKehZ+zYAkr3r56xkkbFVKz85rSXm8m5NUVE75I1TmSnlckVdltImiEPozrnxQUacTmU2Uc9v9ro4pyaNyFDFRfiNgRcnR5W0UJWfuehYppdU6uyedSG9GyrPVCkkyyVyFU+c4auFXFjZRDvQIFpTcFR9F15ooATpKyq0ofxGoADWDSE6ROhUOPQqh/vGToqg33PqX/3NHJa/vELcrNlQOHMUmq3LKl2FlZqJcw2eiDDmWiWKi/I8A6swqeaqMk2c9z2pQKZnPVgUkP1MYKiWLcCTXKjtGbORDQXUzMm6i5NAizlbv26jxbH5jogQ/FKzc+irVs6IMnnmVExQ5xvFX2fgWRKmUdSpOd22wS04f9lacHYUIFT5I7tO534joUb4m30chJ8xEOd7oN1EAc7qeAM8nv/OEWVGGXkmQr1lRwH/XmM+IQ8+ACOkzKLklOUq2bFvlGV02q/0o4ozjRF2BaJemqv2d/FV5w00BRcAhSbQKPSZKjj8mCuiNdIYPku+Q5mPO7XyWiWKipFjzI4jS+S5LCrXFJBridnOwZ61DcQif9SiWdTWKKDjZjigFozNpNlGS6CuSESCtKNf9DYJj0nXLaW+hKKqLqyqqrBKQaupxz+iVSwU6qbbUvXYVVNlA8DBRAi+ZKGslk51ZxdCI+SoPiRpSVpQDgV0VWJ2H3XuZKBOaVpRNRSGxVOUdu2xW6tKpel0KSXBT9pNGXidWJ8VXLXyyYRNlDy0TZeqQWlHWRDJRTJSUxHxLoqR2tjmJNIq6KibVBIxiurKh8nQ8SpoVcQj85KFnlDq8zVv4yqG7CZ26r4lyTbuw4UbYSudaUdalJyUzwb1LUf4DxoyBav+aHzMAAAAASUVORK5CYII=', 'https://nbank.nabilbank.com/smartstatic/icons/menus/web-icon/nBank-circle@2x.png', 'https://nbank.nabilbank.com/smartstatic/icons/menus/web-icon/services/own-account@2x.png', 'https://nbank.nabilbank.com/smartstatic/icons/menus/socials/facebook-colour.png', 'https://nbank.nabilbank.com/smartstatic/icons/menus/socials/instagram-colour.png', 'https://nbank.nabilbank.com/smartstatic/icons/menus/socials/twitter-colour.png', 'https://nbank.nabilbank.com/smartstatic/icons/menus/socials/linkedin-colour.png', 'https://nbank.nabilbank.com/smartstatic/icons/menus/socials/viber-colour.png', 'https://nbank.nabilbank.com/smartstatic/icons/menus/socials/youtube-colour.png', 'https://nbank.nabilbank.com/smartstatic/icons/menus/socials/tiktok-colour.png']",[]
https://mutualfund.nabilinvest.com.np/,"Unit Purchase
SIP Registration
SIP Payment
Dividend Re-Investment
SignUp
Login
Unit Purchase
SIP Registration
SIP Payment
Dividend Re-Investment
SignUp
Login
Unit Purchase
SIP Registration
SIP Payment
Dividend Re-Investment
SignUp
Login
Unit Purchase
SIP Registration
SIP Payment
Dividend Re-Investment
SignUp
Login
Unit Purchase
SIP Registration
SIP Payment
Dividend Re-Investment
SignUp
Login
Unit Purchase
Unit Purchase
SIP Registration
SIP Registration
SIP Payment
SIP Payment
Dividend Re-Investment
Dividend Re-Investment
SignUp
SignUp
Login
Login
Nabil Investment Banking Limited. Narayanchaur, Naxal, Kathmandu, Nepal. Phone: +977-1-4411604 Email Id: mf@nabilinvest.com.np Alternate No: 01-4511733 Website
Nabil Investment Banking Limited. Narayanchaur, Naxal, Kathmandu, Nepal. Phone: +977-1-4411604 Email Id: mf@nabilinvest.com.np Alternate No: 01-4511733 Website
Nabil Investment Banking Limited. Narayanchaur, Naxal, Kathmandu, Nepal. Phone: +977-1-4411604 Email Id: mf@nabilinvest.com.np Alternate No: 01-4511733 Website
Nabil Investment Banking Limited. Narayanchaur, Naxal, Kathmandu, Nepal. Phone: +977-1-4411604 Email Id: mf@nabilinvest.com.np Alternate No: 01-4511733
Website","['https://mutualfund.nabilinvest.com.np/Modules/HomePage.aspx', 'https://mutualfund.nabilinvest.com.np/Modules/MainPage/UnitPurchase.aspx', 'https://mutualfund.nabilinvest.com.np/Modules/MainPage/SIPRegistration.aspx', 'https://mutualfund.nabilinvest.com.np/Modules/MainPage/SIPPayment.aspx', 'https://mutualfund.nabilinvest.com.np/Modules/MainPage/DREPRegistration.aspx', 'https://mutualfund.nabilinvest.com.np/Modules/MainPage/SignUp.aspx', 'https://mutualfund.nabilinvest.com.np/Modules/MainPage/Login.aspx', 'https://mutualfund.nabilinvest.com.np/www.nabilinvest.com.np']","['https://mutualfund.nabilinvest.com.np/Styles/NabilImages/Logo/Nabil%20Mutual%20Fund%20Logo.jpg', 'https://mutualfund.nabilinvest.com.np/Styles/Images/working.gif', 'https://mutualfund.nabilinvest.com.np/Styles/NabilImages/Logo/Nabil%20Flexi%20Cap%20Fund%20Logo.jpg', 'https://mutualfund.nabilinvest.com.np/Styles/NabilImages/Banner/Compounding.png', 'https://mutualfund.nabilinvest.com.np/Styles/NabilImages/Banner/SIP%20Nepali.png', 'https://mutualfund.nabilinvest.com.np/Styles/NabilImages/Banner/SIP%20Tagline.png', 'https://mutualfund.nabilinvest.com.np/Styles/NabilImages/Banner/Why%20NFCF.png']",[]
